,mean_af,mean_cov,quality,median_af_in_positives,n0,n1,n5,n10,n50,Variant_CellN,filtered,prior,lineage_bias_T_CD4,enriched_T_CD4,lineage_bias_T_CD8,enriched_T_CD8,lineage_bias_NK_cells,enriched_NK_cells,lineage_bias_B_mature,enriched_B_mature,lineage_bias_B_early,enriched_B_early,lineage_bias_T_gd,enriched_T_gd
1438_A>G,0.9915864404730848,19.572115384615383,44.946666666666665,1.0,7,825,825,825,825,825,True,0.9976034934276493,86.49318630021533,True,69.1142001059309,True,48.787459772266175,True,22.488694022098976,True,25.396370986387836,True,1.2640518085281893,True
3058_T>C,0.0051190231049928,30.733173076923077,44.857142857142854,0.6082589285714286,825,7,5,5,4,7,True,0.0012315084672874666,-0.0,False,-0.0,False,2.7405822057479408,True,-0.0,False,-0.0,False,-0.0,False
3167_T>C,0.0035998690136764704,29.48076923076923,44.78125,0.09356689453125,800,32,14,8,1,32,True,0.045040722347196804,0.2384573514037837,False,-0.0,False,0.007679115393963713,False,-0.0,False,-0.0,False,-0.0,False
3577_A>C,0.018284145871138045,97.64423076923077,41.69450549450549,0.03343063186813187,377,447,74,10,0,455,True,0.5053295945071686,-0.0,False,-0.0,False,0.007679115393963713,False,-0.0,False,1.099267609893715,True,-0.0,False
3593_T>G,0.04829975823519484,96.48317307692308,42.59103641456583,0.05628501400560224,118,713,350,52,0,714,True,0.9156300945084398,0.09309737938390109,False,0.16771687953126596,False,0.08585116257169549,False,-0.0,False,-0.0,False,-0.0,False
3599_T>G,0.12079610762128136,92.12259615384616,43.32378580323786,0.12515566625155666,29,803,771,555,0,803,True,0.9854583769719581,24.978290061020388,True,21.290847050576694,True,5.276197924158302,True,6.388248897411454,True,6.322140591065095,True,-0.0,False
3622_C>G,0.03766057481126187,95.11538461538461,41.981651376146786,0.04790233180428134,178,654,250,29,0,654,True,0.8537561614442276,-0.0,False,-0.0,False,0.43794592116267894,False,-0.0,False,0.2247083236530549,False,-0.0,False
3644_T>G,0.17934329743251382,87.11538461538461,43.76670716889429,0.1813487241798299,9,823,819,761,0,823,True,0.9757132645372631,75.30857648949845,True,53.43127076632089,True,23.28036220933421,True,15.560600615778233,True,12.176279419619597,True,1.2640518085281893,True
3645_T>G,0.09732476025026096,88.03125,43.372327044025155,0.1018867924528302,37,795,700,376,0,795,True,0.9219384451330851,9.355704018080587,True,6.733485121220957,True,1.6232596844701626,True,-0.0,False,2.8358861288228283,True,-0.0,False
4718_A>C,0.003031874334678374,22.872596153846153,41.72222222222222,0.1400824652777778,814,18,14,6,1,18,True,0.0716840839413431,-0.0,False,0.015579650816661256,False,0.007679115393963713,False,0.06403895054174044,False,-0.0,False,-0.0,False
4726_T>G,0.0019383780419214964,23.014423076923077,39.09090909090909,0.1465731534090909,821,11,11,6,0,11,True,0.037523049941748134,-0.0,False,-0.0,False,0.007679115393963713,False,-0.0,False,0.2444384315082931,False,-0.0,False
4727_A>C,0.002666765692075158,22.88701923076923,38.18181818181818,0.20170454545454544,821,11,8,5,1,11,True,0.03411195001073684,-0.0,False,0.03372589288105102,False,-0.0,False,-0.0,False,0.02256930921068844,False,-0.0,False
4734_A>C,0.004665432556729924,22.610576923076923,41.604651162790695,0.09025254360465117,789,43,33,10,0,43,True,0.0918257811703682,0.09309737938390109,False,-0.0,False,0.24080267795122462,False,-0.0,False,-0.0,False,-0.0,False
4737_A>C,0.0035030861005732844,22.598557692307693,41.21875,0.091064453125,800,32,24,12,0,32,True,0.08604630807408727,-0.0,False,0.03372589288105102,False,0.11539164151703564,False,-0.0,False,-0.0,False,-0.0,False
4769_A>G,0.983172966265615,13.973557692307692,44.97555012224939,1.0,14,818,818,818,818,818,True,0.993421493634604,95.35658829343787,True,71.51528803397616,True,40.090682051137236,True,17.918099963344588,True,19.20747182857546,True,1.2640518085281893,True
4874_A>T,0.005188299660624331,13.939903846153847,43.4,0.431640625,822,10,10,10,2,10,True,0.008382775382695934,-0.0,False,-0.0,False,1.0425784932798876,True,-0.0,False,0.07556615832165431,False,-0.0,False
4877_A>C,0.0026776167178414693,13.95673076923077,43.333333333333336,0.37109375,826,6,6,6,1,6,True,0.011430321168711734,-0.0,False,-0.0,False,2.1148229623524295,True,-0.0,False,-0.0,False,-0.0,False
4894_T>C,0.005348555927985493,13.903846153846153,43.77777777777778,0.4943576388888889,823,9,9,9,2,9,True,0.0018785210682907667,-0.0,False,0.16771687953126596,False,0.29201650775920746,False,-0.0,False,-0.0,False,-0.0,False
4922_A>C,0.003305287138589026,13.884615384615385,45.0,0.55,827,5,5,5,2,5,True,0.0223919643290427,-0.0,False,-0.0,False,0.8015693703283646,False,-0.0,False,-0.0,False,-0.0,False
6159_A>T,0.002874749142060651,32.44951923076923,41.388888888888886,0.06640625,796,36,23,6,0,36,True,0.09413318133761084,-0.0,False,-0.0,False,0.007679115393963713,False,-0.0,False,0.02256930921068844,False,-0.0,False
6269_A>G,0.0010545443558074474,18.51923076923077,45.0,0.0974392361111111,823,9,8,5,0,9,True,0.014481290589596,-0.0,False,0.03372589288105102,False,0.007679115393963713,False,-0.0,False,0.02256930921068844,False,-0.0,False
6307_A>C,0.004054837882427349,17.528846153846153,41.354838709677416,0.10880796370967742,801,31,29,11,0,31,True,0.06736423337226204,-0.0,False,0.21711213420228764,False,0.00698852313435313,False,-0.0,False,-0.0,False,-0.0,False
6520_T>G,0.012346807341398924,33.23076923076923,41.080536912751676,0.06894924496644295,683,149,90,20,0,149,True,0.15028328510067027,-0.0,False,0.03372589288105102,False,0.03111416579483706,False,-0.0,False,0.24344933331061305,False,-0.0,False
6525_A>C,0.027195832731315057,30.40625,40.92619926199262,0.0834870848708487,561,271,216,56,0,271,True,0.2646848905039706,0.10473848258172709,False,0.16771687953126596,False,0.007679115393963713,False,-0.0,False,0.02256930921068844,False,-0.0,False
8594_T>G,0.05222846641464003,207.05769230769232,42.30209617755857,0.05356041923551171,21,806,425,15,0,811,True,0.7236876288947948,-0.0,False,-0.0,False,0.007679115393963713,False,-0.0,False,0.02256930921068844,False,-0.0,False
11172_A>C,0.005688547726524052,33.83894230769231,41.888888888888886,0.0657009548611111,760,72,36,10,0,72,True,0.07146692057979734,-0.0,False,-0.0,False,0.24080267795122462,False,-0.0,False,0.07556615832165431,False,-0.0,False
11201_T>G,0.011013160240834003,31.90625,41.453125,0.07159423828125,704,128,69,19,0,128,True,0.09748576928832536,-0.0,False,-0.0,False,1.710119698897664,True,-0.0,False,0.06538277785144192,False,-0.0,False
11205_T>G,0.003462663372494237,33.5625,40.53333333333333,0.06401909722222222,787,45,22,5,0,45,True,0.050428241496576466,-0.0,False,-0.0,False,1.6232596844701626,True,-0.0,False,-0.0,False,-0.0,False
11209_A>C,0.020421252776336666,30.66826923076923,41.17727272727273,0.07720170454545454,612,220,144,35,0,220,True,0.18122259525666692,-0.0,False,-0.0,False,0.6442510759718556,False,-0.0,False,0.02256930921068844,False,-0.0,False
11214_A>C,0.008166441756795402,31.927884615384617,40.695238095238096,0.06469494047619048,727,105,59,13,0,105,True,0.08601151537710507,-0.0,False,0.03372589288105102,False,0.6492981129597397,False,-0.0,False,-0.0,False,-0.0,False
11221_A>C,0.055282230640189035,28.322115384615383,41.824884792626726,0.10599078341013825,398,434,374,166,1,434,True,0.3345063493425204,0.10473848258172709,False,1.0824742699159573,True,1.2332285904369202,True,-0.0,False,-0.0,False,-0.0,False
11232_T>G,0.022598964471996476,73.2451923076923,41.839816933638446,0.04301344393592677,395,437,125,14,0,437,True,0.38365427806772145,-0.0,False,-0.0,False,0.9816583286335913,False,-0.0,False,-0.0,False,-0.0,False
11244_T>G,0.011063001649732592,74.42307692307692,41.61596958174905,0.03499287072243346,569,261,42,9,0,263,True,0.2884450914845069,-0.0,False,0.4185487846262598,False,0.007679115393963713,False,-0.0,False,0.0769382718823629,False,-0.0,False
12384_T>C,0.0013974104611170315,18.834134615384617,45.0,0.145263671875,824,8,7,5,0,8,True,0.011666045110923335,-0.0,False,-0.0,False,0.007679115393963713,False,-0.0,False,0.33945892733650523,False,-0.0,False
12587_A>C,0.003827261671149473,18.615384615384617,42.0,0.17686631944444445,814,18,17,12,1,18,True,0.013587987393534534,-0.0,False,-0.0,False,0.3762700546042085,False,-0.0,False,-0.0,False,-0.0,False
12891_C>T,0.0019638890777378642,22.423076923076923,45.0,0.10891927083333333,817,15,14,7,0,15,True,0.0236905847172013,-0.0,False,0.09093480758083898,False,0.007679115393963713,False,-0.0,False,-0.0,False,-0.0,False
12966_C>A,0.0014105901595040601,22.084134615384617,45.0,0.16768973214285715,825,7,7,5,0,7,True,0.0007158756721773,-0.0,False,-0.0,False,-0.0,False,-0.0,False,0.02256930921068844,False,-0.0,False
13073_T>G,0.0041035576128709205,11.336538461538462,43.19047619047619,0.16257440476190477,811,21,20,10,0,21,True,0.029167945267820464,0.8246936928629487,False,-0.0,False,0.007679115393963713,False,-0.0,False,-0.0,False,-0.0,False
13083_A>C,0.0007392780371449602,11.329326923076923,42.4,0.123046875,827,5,5,5,0,5,True,0.006984513094053066,0.09309737938390109,False,0.03372589288105102,False,-0.0,False,-0.0,False,-0.0,False,-0.0,False
13520_T>G,0.0017996968303395405,11.389423076923077,39.111111111111114,0.16634114583333334,823,9,9,7,0,9,True,0.0072546489406664005,-0.0,False,0.32928783516510435,False,0.007679115393963713,False,-0.0,False,-0.0,False,-0.0,False
13538_T>G,0.0017632973266937157,11.240384615384615,40.9,0.1466796875,822,10,10,9,0,10,True,0.014710841511812199,-0.0,False,0.16771687953126596,False,0.007679115393963713,False,-0.0,False,-0.0,False,-0.0,False
13994_T>G,0.005578429568827493,17.521634615384617,41.55,0.23203125,812,20,19,8,3,20,True,0.008108819276859499,-0.0,False,0.21711213420228764,False,0.007679115393963713,False,-0.0,False,-0.0,False,-0.0,False
13995_A>C,0.0049727339147093855,17.35096153846154,40.96153846153846,0.15910456730769232,806,26,24,13,1,26,True,0.0145513993718601,-0.0,False,0.03372589288105102,False,0.3060706205365744,False,-0.0,False,-0.0,False,-0.0,False
15843_T>C,0.11316266442966091,102.33173076923077,44.9344262295082,0.7715163934426229,710,120,97,94,93,122,True,0.0038854439996401,-0.0,False,-0.0,False,-0.0,False,-0.0,False,108.31414832948977,True,-0.0,False
